t,m,j,Expenditure
2016-17,Ashanti,Agushie Seed,439.2
2016-17,Ashanti,Akpeteshie,713.5
2016-17,Ashanti,Apple,614
2016-17,Ashanti,Avocado,444
2016-17,Ashanti,Banana,2236.5
2016-17,Ashanti,Beef,23067.94
2016-17,Ashanti,Beef (corned),926.2
2016-17,Ashanti,Beef (face),549
2016-17,Ashanti,Beef (leg),2893
2016-17,Ashanti,Beef (offal),1101
2016-17,Ashanti,Beef (steak),6503.4
2016-17,Ashanti,Beer,2446
2016-17,Ashanti,Biscuit,5350.2
2016-17,Ashanti,Bitters,963.4
2016-17,Ashanti,Bread,28224.8
2016-17,Ashanti,Canned Fruits,69.5
2016-17,Ashanti,Carrot,1110.5
2016-17,Ashanti,Cassava (dough),3657.49
2016-17,Ashanti,Cassava (dried),3030
2016-17,Ashanti,Cassava (fresh),12386.8
2016-17,Ashanti,"Cassava (white, flour)",2156
2016-17,Ashanti,"Cassava (yellow, flour)",155
2016-17,Ashanti,Cerelac (Baby food),3129.7
2016-17,Ashanti,Chewing Gum,368.95
2016-17,Ashanti,Chicken (breast),118
2016-17,Ashanti,Chicken (broiler),1251
2016-17,Ashanti,Chicken (frozen),90
2016-17,Ashanti,Chicken (gizzard),226
2016-17,Ashanti,Chicken (live),9599
2016-17,Ashanti,Chicken (thigh),11727.21
2016-17,Ashanti,Chicken (wing),701.5
2016-17,Ashanti,Chocolate,31
2016-17,Ashanti,Cigarette,361.1
2016-17,Ashanti,Cocoa (milk powder beverages),8206.53
2016-17,Ashanti,Cocoa Powder,13.4
2016-17,Ashanti,Coconut (dried),8
2016-17,Ashanti,Coconut (fresh),1083.5
2016-17,Ashanti,Cocoyam,1442
2016-17,Ashanti,Cocoyam Leaves,2792
2016-17,Ashanti,Coffee,46.4
2016-17,Ashanti,Condiments,2279.66
2016-17,Ashanti,Corflake,152.5
2016-17,Ashanti,Cowpea,1312.8
2016-17,Ashanti,Crab,143
2016-17,Ashanti,Curry Power,127.6
2016-17,Ashanti,Dawadawa,334.7
2016-17,Ashanti,Eggplant,9993.7
2016-17,Ashanti,Eggs,7553
2016-17,Ashanti,Fish (canned),3061.9
2016-17,Ashanti,Fish (dried),3045.8
2016-17,Ashanti,Fish (fried),4756.7
2016-17,Ashanti,Fish (salted),1028.2
2016-17,Ashanti,"Fish (smoked, river)",18087.5
2016-17,Ashanti,"Fish (smoked, sea)",11545
2016-17,Ashanti,Garlic,738.4
2016-17,Ashanti,Gin,16
2016-17,Ashanti,Ginger,1294.8
2016-17,Ashanti,Goat,6763
2016-17,Ashanti,Grape,120
2016-17,Ashanti,Groundnut,3727.48
2016-17,Ashanti,Guinea corn/sorghum,218
2016-17,Ashanti,Guineafowl,110
2016-17,Ashanti,Herring (smoked),20949.5
2016-17,Ashanti,Honey,595.5
2016-17,Ashanti,Ice Cream,357.7
2016-17,Ashanti,Instant Noodle,1089.6
2016-17,Ashanti,Juice,6003.9
2016-17,Ashanti,Kapla,8873.5
2016-17,Ashanti,Lime,24
2016-17,Ashanti,Macaroni,66.2
2016-17,Ashanti,Mackerel (processed),6731.57
2016-17,Ashanti,Maize (flour/dough),11144.02
2016-17,Ashanti,Maize (grain),2114.2
2016-17,Ashanti,Malt Drinks (bottle),3428.7
2016-17,Ashanti,Malt Drinks (canned),3694.8
2016-17,Ashanti,Mango,544.9
2016-17,Ashanti,Margarine,246.2
2016-17,Ashanti,Milk (evaporated),6202.25
2016-17,Ashanti,Milk (fresh),13
2016-17,Ashanti,Milk (powdered),3167.2
2016-17,Ashanti,"Milk (tinned, condensed)",2.5
2016-17,Ashanti,Millet (flour),65.4
2016-17,Ashanti,Oil (coconut),1.5
2016-17,Ashanti,Oil (groundnut),8
2016-17,Ashanti,Oil (palm kernel),41
2016-17,Ashanti,Oil (palm),5924
2016-17,Ashanti,Oil (vegetable),13607.25
2016-17,Ashanti,Okra,4453.1
2016-17,Ashanti,Onion,16835.7
2016-17,Ashanti,Orange,1168.6
2016-17,Ashanti,Other Beverages,130.3
2016-17,Ashanti,Other Cereal,50
2016-17,Ashanti,Other Fish,2113.5
2016-17,Ashanti,Other Fruits,5.4
2016-17,Ashanti,Other Meat,1465.6
2016-17,Ashanti,Other Milk Products,366.2
2016-17,Ashanti,Other Oils,118.2
2016-17,Ashanti,Other Spices,65.6
2016-17,Ashanti,Other Spirits,44.9
2016-17,Ashanti,Other Tobacco,333
2016-17,Ashanti,Other Tubers,5
2016-17,Ashanti,Other Vegetable,560
2016-17,Ashanti,Palm Nut,1110.2
2016-17,Ashanti,Pawpaw,306.5
2016-17,Ashanti,"Pepper (dried, red)",80.3
2016-17,Ashanti,Pepper (fresh),10808.49
2016-17,Ashanti,Pepper (powder),519.3
2016-17,Ashanti,Pineapple,408.5
2016-17,Ashanti,Plantain,19065
2016-17,Ashanti,Pork,391
2016-17,Ashanti,Pork (feet),167.96
2016-17,Ashanti,Potato,58
2016-17,Ashanti,Rice (imported),59051.25
2016-17,Ashanti,Rice (local),9548.88
2016-17,Ashanti,Salmon (smoked),26613
2016-17,Ashanti,Salt,1538.88
2016-17,Ashanti,Sausage (beef),103.5
2016-17,Ashanti,Sausage (chicken),206
2016-17,Ashanti,Sausage (pork),44
2016-17,Ashanti,Shallot,113
2016-17,Ashanti,Shea Butter,118
2016-17,Ashanti,Shrimp,94.5
2016-17,Ashanti,Snail,414
2016-17,Ashanti,Soft Drinks,2385.9
2016-17,Ashanti,Spaghetti,251.5
2016-17,Ashanti,Sugar (cubed),88.1
2016-17,Ashanti,Sugar (granulated),2281.99
2016-17,Ashanti,Sugar Bread,5444.5
2016-17,Ashanti,Sweet Pepper,272.9
2016-17,Ashanti,Taro,100
2016-17,Ashanti,Tea bag,596
2016-17,Ashanti,Tilapia,2223
2016-17,Ashanti,Tomato (fresh),25236.5
2016-17,Ashanti,Tomato (paste),10692.86
2016-17,Ashanti,Tuna (processed),359.6
2016-17,Ashanti,Water,18074.54
2016-17,Ashanti,Water Yam,541.5
2016-17,Ashanti,Watermelon,1140
2016-17,Ashanti,Wheat Flour,233.5
2016-17,Ashanti,Whisky,10.5
2016-17,Ashanti,White Oats,2068
2016-17,Ashanti,Wine,152
2016-17,Ashanti,Yam,28694
2016-17,Ashanti,Yoghurt,1464.8
2016-17,Brong Ahafo,Agushie Seed,324.25
2016-17,Brong Ahafo,Akpeteshie,1255.3
2016-17,Brong Ahafo,Apple,201
2016-17,Brong Ahafo,Avocado,106.5
2016-17,Brong Ahafo,Banana,556
2016-17,Brong Ahafo,Beef,24473.5
2016-17,Brong Ahafo,Beef (corned),101.5
2016-17,Brong Ahafo,Beef (face),229
2016-17,Brong Ahafo,Beef (leg),311
2016-17,Brong Ahafo,Beef (offal),903
2016-17,Brong Ahafo,Beef (steak),2154
2016-17,Brong Ahafo,Beer,1364.9
2016-17,Brong Ahafo,Biscuit,2404
2016-17,Brong Ahafo,Bitters,590.7
2016-17,Brong Ahafo,Bread,12414.95
2016-17,Brong Ahafo,Canned Fruits,4.5
2016-17,Brong Ahafo,Carrot,261.5
2016-17,Brong Ahafo,Cashew,1
2016-17,Brong Ahafo,Cassava (dough),2690.1
2016-17,Brong Ahafo,Cassava (dried),1498.7
2016-17,Brong Ahafo,Cassava (fresh),8676
2016-17,Brong Ahafo,"Cassava (white, flour)",1786.4
2016-17,Brong Ahafo,"Cassava (yellow, flour)",297.4
2016-17,Brong Ahafo,Cerelac (Baby food),818
2016-17,Brong Ahafo,Chewing Gum,178.2
2016-17,Brong Ahafo,Chicken (breast),4050
2016-17,Brong Ahafo,Chicken (broiler),482
2016-17,Brong Ahafo,Chicken (frozen),815.5
2016-17,Brong Ahafo,Chicken (gizzard),20
2016-17,Brong Ahafo,Chicken (live),2713
2016-17,Brong Ahafo,Chicken (thigh),11025.6
2016-17,Brong Ahafo,Chicken (wing),1876
2016-17,Brong Ahafo,Chilli Powder (black pepper),0.5
2016-17,Brong Ahafo,Chocolate,26.5
2016-17,Brong Ahafo,Cigarette,213.8
2016-17,Brong Ahafo,Cocoa (milk powder beverages),4433.9
2016-17,Brong Ahafo,Cocoa Powder,35
2016-17,Brong Ahafo,Coconut (dried),5.2
2016-17,Brong Ahafo,Coconut (fresh),374.1
2016-17,Brong Ahafo,Cocoyam,2102.5
2016-17,Brong Ahafo,Cocoyam Leaves,830
2016-17,Brong Ahafo,Coffee,83.5
2016-17,Brong Ahafo,Condiments,3163.05
2016-17,Brong Ahafo,Cowpea,2277.7
2016-17,Brong Ahafo,Crab,20
2016-17,Brong Ahafo,Curry Power,30.2
2016-17,Brong Ahafo,Dawadawa,318.8
2016-17,Brong Ahafo,Eggplant,6769.4
2016-17,Brong Ahafo,Eggs,3304.8
2016-17,Brong Ahafo,Fish (canned),2171.9
2016-17,Brong Ahafo,Fish (dried),2694
2016-17,Brong Ahafo,Fish (fried),3145.5
2016-17,Brong Ahafo,Fish (salted),658.5
2016-17,Brong Ahafo,"Fish (smoked, river)",26139
2016-17,Brong Ahafo,"Fish (smoked, sea)",2509
2016-17,Brong Ahafo,Garlic,595.96
2016-17,Brong Ahafo,Gin,13.9
2016-17,Brong Ahafo,Ginger,685.5
2016-17,Brong Ahafo,Goat,3889
2016-17,Brong Ahafo,Groundnut,5050.7
2016-17,Brong Ahafo,Guineafowl,210
2016-17,Brong Ahafo,Herring (smoked),19181
2016-17,Brong Ahafo,Honey,96.5
2016-17,Brong Ahafo,Ice Cream,233.5
2016-17,Brong Ahafo,Instant Noodle,558.8
2016-17,Brong Ahafo,Juice,1541.14
2016-17,Brong Ahafo,Kapla,10829.7
2016-17,Brong Ahafo,Lime,1
2016-17,Brong Ahafo,Macaroni,62.2
2016-17,Brong Ahafo,Mackerel (processed),2600.79
2016-17,Brong Ahafo,Maize (flour/dough),5408.3
2016-17,Brong Ahafo,Maize (grain),8256
2016-17,Brong Ahafo,Malt Drinks (bottle),2151.9
2016-17,Brong Ahafo,Malt Drinks (canned),1799.4
2016-17,Brong Ahafo,Mango,193
2016-17,Brong Ahafo,Margarine,69.5
2016-17,Brong Ahafo,Milk (evaporated),2130.18
2016-17,Brong Ahafo,Milk (fresh),2
2016-17,Brong Ahafo,Milk (powdered),1433.6
2016-17,Brong Ahafo,"Milk (tinned, condensed)",40
2016-17,Brong Ahafo,Millet,59
2016-17,Brong Ahafo,Millet (flour),2
2016-17,Brong Ahafo,Oil (coconut),2
2016-17,Brong Ahafo,Oil (groundnut),8
2016-17,Brong Ahafo,Oil (palm kernel),12
2016-17,Brong Ahafo,Oil (palm),3360.4
2016-17,Brong Ahafo,Oil (vegetable),11113
2016-17,Brong Ahafo,Okra,6440.5
2016-17,Brong Ahafo,Onion,13273.2
2016-17,Brong Ahafo,Orange,723.9
2016-17,Brong Ahafo,Other Beverages,102
2016-17,Brong Ahafo,Other Cereal,26
2016-17,Brong Ahafo,Other Fish,1921
2016-17,Brong Ahafo,Other Fruits,13.5
2016-17,Brong Ahafo,Other Meat,2000.5
2016-17,Brong Ahafo,Other Milk Products,128.8
2016-17,Brong Ahafo,Other Oils,158.5
2016-17,Brong Ahafo,Other Spices,31.5
2016-17,Brong Ahafo,Other Spirits,61.3
2016-17,Brong Ahafo,Other Tobacco,15
2016-17,Brong Ahafo,Other Vegetable,559
2016-17,Brong Ahafo,Palm Nut,979.5
2016-17,Brong Ahafo,Pawpaw,70.5
2016-17,Brong Ahafo,"Pepper (dried, red)",1446.6
2016-17,Brong Ahafo,Pepper (fresh),5018
2016-17,Brong Ahafo,Pepper (powder),1431.2
2016-17,Brong Ahafo,Pineapple,169.5
2016-17,Brong Ahafo,Plantain,8729
2016-17,Brong Ahafo,Pork,397
2016-17,Brong Ahafo,Pork (fillet),2
2016-17,Brong Ahafo,Potato,2
2016-17,Brong Ahafo,Rice (imported),30243.2
2016-17,Brong Ahafo,Rice (local),7991
2016-17,Brong Ahafo,Salmon (smoked),14106.3
2016-17,Brong Ahafo,Salt,3613.32
2016-17,Brong Ahafo,Sausage (chicken),7.5
2016-17,Brong Ahafo,Schnapps,40
2016-17,Brong Ahafo,Shallot,40
2016-17,Brong Ahafo,Shea Butter,104
2016-17,Brong Ahafo,Shrimp,99
2016-17,Brong Ahafo,Snail,251
2016-17,Brong Ahafo,Soft Drinks,1193.7
2016-17,Brong Ahafo,Spaghetti,313.5
2016-17,Brong Ahafo,Sugar (cubed),70.6
2016-17,Brong Ahafo,Sugar (granulated),3675.2
2016-17,Brong Ahafo,Sugar Bread,6565
2016-17,Brong Ahafo,Sweet Pepper,113
2016-17,Brong Ahafo,Taro,40
2016-17,Brong Ahafo,Tea bag,268.8
2016-17,Brong Ahafo,Tilapia,174
2016-17,Brong Ahafo,Tomato (fresh),12643.1
2016-17,Brong Ahafo,Tomato (paste),12313.46
2016-17,Brong Ahafo,Tuna (processed),81.9
2016-17,Brong Ahafo,Water,6119
2016-17,Brong Ahafo,Water Yam,1673.5
2016-17,Brong Ahafo,Watermelon,375
2016-17,Brong Ahafo,Wheat Flour,40
2016-17,Brong Ahafo,Whisky,54.1
2016-17,Brong Ahafo,White Oats,160
2016-17,Brong Ahafo,Wine,117
2016-17,Brong Ahafo,Yam,21413
2016-17,Brong Ahafo,Yoghurt,480.73
2016-17,Central,Agushie Seed,493.7
2016-17,Central,Akpeteshie,1842.2
2016-17,Central,Apple,424.7
2016-17,Central,Avocado,1017.5
2016-17,Central,Banana,2944
2016-17,Central,Beef,6093.33
2016-17,Central,Beef (corned),303.6
2016-17,Central,Beef (face),113
2016-17,Central,Beef (leg),1451.5
2016-17,Central,Beef (offal),1385
2016-17,Central,Beef (steak),6466.3
2016-17,Central,Beer,2240.5
2016-17,Central,Biscuit,5447.46
2016-17,Central,Bitters,982.8
2016-17,Central,Bread,17769.5
2016-17,Central,Canned Fruits,55
2016-17,Central,Carrot,1188.5
2016-17,Central,Cashew,1
2016-17,Central,Cassava (dough),5712.75
2016-17,Central,Cassava (dried),1696.3
2016-17,Central,Cassava (fresh),12487.5
2016-17,Central,"Cassava (white, flour)",9557.8
2016-17,Central,"Cassava (yellow, flour)",346.7
2016-17,Central,Cerelac (Baby food),1543.4
2016-17,Central,Chewing Gum,490.9
2016-17,Central,Chicken (breast),668
2016-17,Central,Chicken (broiler),231
2016-17,Central,Chicken (frozen),241.5
2016-17,Central,Chicken (gizzard),236.08
2016-17,Central,Chicken (live),2048
2016-17,Central,Chicken (thigh),8813.1
2016-17,Central,Chicken (wing),2611
2016-17,Central,Chilli Powder (black pepper),17.9
2016-17,Central,Chocolate,135.1
2016-17,Central,Cigarette,127.2
2016-17,Central,Cocoa (milk powder beverages),10544.78
2016-17,Central,Cocoa Powder,80
2016-17,Central,Coconut (dried),22
2016-17,Central,Coconut (fresh),1255.3
2016-17,Central,Cocoyam,1209
2016-17,Central,Cocoyam Leaves,2361.6
2016-17,Central,Coffee,24.2
2016-17,Central,Condiments,2945.24
2016-17,Central,Corflake,90
2016-17,Central,Cowpea,1229.5
2016-17,Central,Crab,596.2
2016-17,Central,Curry Power,189.6
2016-17,Central,Dawadawa,107.5
2016-17,Central,Eggplant,7334.3
2016-17,Central,Eggs,7490.87
2016-17,Central,Fish (canned),3205.4
2016-17,Central,Fish (dried),2650.2
2016-17,Central,Fish (fried),10918.1
2016-17,Central,Fish (salted),7183.87
2016-17,Central,"Fish (smoked, river)",4655
2016-17,Central,"Fish (smoked, sea)",44799.5
2016-17,Central,Garlic,1026.1
2016-17,Central,Gin,12.2
2016-17,Central,Ginger,946.1
2016-17,Central,Goat,4256.03
2016-17,Central,Grape,5
2016-17,Central,Groundnut,4541.28
2016-17,Central,Guinea corn/sorghum,46
2016-17,Central,Herring (smoked),16330.2
2016-17,Central,Honey,282
2016-17,Central,Ice Cream,396.7
2016-17,Central,Instant Noodle,2178.7
2016-17,Central,Juice,2252.51
2016-17,Central,Kapla,3378.1
2016-17,Central,Lime,17.5
2016-17,Central,Macaroni,67
2016-17,Central,Mackerel (processed),2898.6
2016-17,Central,Maize (flour/dough),16519.9
2016-17,Central,Maize (grain),4281.65
2016-17,Central,Malt Drinks (bottle),2894
2016-17,Central,Malt Drinks (canned),1597.8
2016-17,Central,Mango,583.7
2016-17,Central,Margarine,129.69
2016-17,Central,Milk (evaporated),5602.85
2016-17,Central,Milk (fresh),203
2016-17,Central,Milk (powdered),2830.48
2016-17,Central,"Milk (tinned, condensed)",3.8
2016-17,Central,Millet,31
2016-17,Central,Millet (flour),21
2016-17,Central,Oil (coconut),172.3
2016-17,Central,Oil (groundnut),8
2016-17,Central,Oil (palm kernel),27.8
2016-17,Central,Oil (palm),9915.1
2016-17,Central,Oil (vegetable),13984.7
2016-17,Central,Okra,4734.8
2016-17,Central,Onion,14808.1
2016-17,Central,Orange,2178.1
2016-17,Central,Other Beverages,236.75
2016-17,Central,Other Cereal,114.5
2016-17,Central,Other Fish,3483.3
2016-17,Central,Other Fruits,65
2016-17,Central,Other Meat,652
2016-17,Central,Other Milk Products,458.7
2016-17,Central,Other Oils,184
2016-17,Central,Other Spices,23.7
2016-17,Central,Other Spirits,62.29
2016-17,Central,Other Tobacco,42.2
2016-17,Central,Other Tubers,75
2016-17,Central,Other Vegetable,456.1
2016-17,Central,Palm Nut,3853.8
2016-17,Central,Pawpaw,87.5
2016-17,Central,"Pepper (dried, red)",229
2016-17,Central,Pepper (fresh),10062.6
2016-17,Central,Pepper (powder),1700.1
2016-17,Central,Pineapple,1004
2016-17,Central,Plantain,15185.4
2016-17,Central,Pork,199
2016-17,Central,Pork (feet),65
2016-17,Central,Pork (fillet),10
2016-17,Central,Potato,358
2016-17,Central,Rice (imported),48797.3
2016-17,Central,Rice (local),9696.8
2016-17,Central,Salmon (smoked),28444.5
2016-17,Central,Salt,2187.8
2016-17,Central,Sausage (beef),25.5
2016-17,Central,Sausage (chicken),140
2016-17,Central,Sausage (pork),4
2016-17,Central,Shallot,39.5
2016-17,Central,Shea Butter,33.5
2016-17,Central,Shrimp,293.5
2016-17,Central,Snail,812
2016-17,Central,Soft Drinks,3978.18
2016-17,Central,Spaghetti,632.68
2016-17,Central,Sugar (cubed),93.6
2016-17,Central,Sugar (granulated),3625.58
2016-17,Central,Sugar Bread,12100.91
2016-17,Central,Sweet Pepper,642.7
2016-17,Central,Tea bag,428
2016-17,Central,Tilapia,1639.5
2016-17,Central,Tobacco,57
2016-17,Central,Tomato (fresh),21208.3
2016-17,Central,Tomato (paste),16400.72
2016-17,Central,Tuna (processed),186.1
2016-17,Central,Vinegar,7.5
2016-17,Central,Water,13762.95
2016-17,Central,Water Yam,94
2016-17,Central,Watermelon,1820
2016-17,Central,Wheat Flour,106.2
2016-17,Central,White Oats,2166.7
2016-17,Central,Wine,177.16
2016-17,Central,Yam,12517
2016-17,Central,Yoghurt,2561.5
2016-17,Eastern,Agushie Seed,304.7
2016-17,Eastern,Akpeteshie,4155.8
2016-17,Eastern,Apple,421.5
2016-17,Eastern,Avocado,562
2016-17,Eastern,Banana,1653.2
2016-17,Eastern,Beef,14905.8
2016-17,Eastern,Beef (corned),315.5
2016-17,Eastern,Beef (face),163
2016-17,Eastern,Beef (leg),738
2016-17,Eastern,Beef (offal),594
2016-17,Eastern,Beef (steak),2504.3
2016-17,Eastern,Beer,1579
2016-17,Eastern,Biscuit,3917.8
2016-17,Eastern,Bitters,813.2
2016-17,Eastern,Bread,15730.6
2016-17,Eastern,Canned Fruits,68
2016-17,Eastern,Carrot,526
2016-17,Eastern,Cassava (dough),6875.9
2016-17,Eastern,Cassava (dried),1029.7
2016-17,Eastern,Cassava (fresh),10689
2016-17,Eastern,"Cassava (white, flour)",3866.2
2016-17,Eastern,"Cassava (yellow, flour)",55.5
2016-17,Eastern,Cerelac (Baby food),1536.3
2016-17,Eastern,Chewing Gum,1433.96
2016-17,Eastern,Chicken (breast),749
2016-17,Eastern,Chicken (broiler),465
2016-17,Eastern,Chicken (frozen),170.5
2016-17,Eastern,Chicken (gizzard),129
2016-17,Eastern,Chicken (live),2955
2016-17,Eastern,Chicken (thigh),8677.5
2016-17,Eastern,Chicken (wing),1295.5
2016-17,Eastern,Chilli Powder (black pepper),2.2
2016-17,Eastern,Chocolate,97.5
2016-17,Eastern,Cigarette,79.1
2016-17,Eastern,Cocoa (milk powder beverages),5979.9
2016-17,Eastern,Cocoa Powder,48.4
2016-17,Eastern,Coconut (dried),15.1
2016-17,Eastern,Coconut (fresh),802.1
2016-17,Eastern,Cocoyam,3514.5
2016-17,Eastern,Cocoyam Leaves,2079
2016-17,Eastern,Coffee,53.7
2016-17,Eastern,Condiments,3183.47
2016-17,Eastern,Corflake,114
2016-17,Eastern,Cowpea,1775.8
2016-17,Eastern,Crab,129
2016-17,Eastern,Curry Power,107.9
2016-17,Eastern,Dawadawa,63.8
2016-17,Eastern,Eggplant,6825.5
2016-17,Eastern,Eggs,5951.1
2016-17,Eastern,Fish (canned),3727
2016-17,Eastern,Fish (dried),5019.7
2016-17,Eastern,Fish (fried),13056.5
2016-17,Eastern,Fish (salted),2023.2
2016-17,Eastern,"Fish (smoked, river)",28266.9
2016-17,Eastern,"Fish (smoked, sea)",19072
2016-17,Eastern,Garlic,1439.49
2016-17,Eastern,Gin,39
2016-17,Eastern,Ginger,1329.3
2016-17,Eastern,Goat,1878
2016-17,Eastern,Grape,1
2016-17,Eastern,Groundnut,4741.9
2016-17,Eastern,Guinea corn/sorghum,6
2016-17,Eastern,Guineafowl,75
2016-17,Eastern,Herring (smoked),20281.5
2016-17,Eastern,Honey,268.7
2016-17,Eastern,Ice Cream,531.3
2016-17,Eastern,Instant Noodle,1007
2016-17,Eastern,Juice,1585.9
2016-17,Eastern,Kapla,4043.5
2016-17,Eastern,Lime,19.5
2016-17,Eastern,Macaroni,230.4
2016-17,Eastern,Mackerel (processed),4276.66
2016-17,Eastern,Maize (flour/dough),11516.4
2016-17,Eastern,Maize (grain),4551.5
2016-17,Eastern,Maizena,6
2016-17,Eastern,Malt Drinks (bottle),3140.5
2016-17,Eastern,Malt Drinks (canned),1102.5
2016-17,Eastern,Mango,375.4
2016-17,Eastern,Margarine,70.5
2016-17,Eastern,Milk (evaporated),4250.84
2016-17,Eastern,Milk (fresh),3
2016-17,Eastern,Milk (powdered),2390.92
2016-17,Eastern,"Milk (tinned, condensed)",24
2016-17,Eastern,Millet,14.5
2016-17,Eastern,Millet (flour),4
2016-17,Eastern,Oil (coconut),158.1
2016-17,Eastern,Oil (groundnut),2
2016-17,Eastern,Oil (palm kernel),80.7
2016-17,Eastern,Oil (palm),7335.92
2016-17,Eastern,Oil (vegetable),9733.7
2016-17,Eastern,Okra,7575.1
2016-17,Eastern,Onion,13181.7
2016-17,Eastern,Orange,1101.1
2016-17,Eastern,Other Beverages,331.2
2016-17,Eastern,Other Cereal,37
2016-17,Eastern,Other Fish,2820.5
2016-17,Eastern,Other Fruits,138
2016-17,Eastern,Other Meat,645
2016-17,Eastern,Other Milk Products,405.8
2016-17,Eastern,Other Oils,84
2016-17,Eastern,Other Spices,184.9
2016-17,Eastern,Other Spirits,59
2016-17,Eastern,Other Tobacco,2
2016-17,Eastern,Other Vegetable,450.2
2016-17,Eastern,Palm Nut,2056
2016-17,Eastern,Pawpaw,127.6
2016-17,Eastern,"Pepper (dried, red)",1319.8
2016-17,Eastern,Pepper (fresh),7193.9
2016-17,Eastern,Pepper (powder),1422.5
2016-17,Eastern,Pineapple,602.5
2016-17,Eastern,Plantain,17648.5
2016-17,Eastern,Pork,970
2016-17,Eastern,Pork (feet),75
2016-17,Eastern,Pork (rib),17
2016-17,Eastern,Pork (shoulder),5
2016-17,Eastern,Potato,105
2016-17,Eastern,Rice (imported),39975.91
2016-17,Eastern,Rice (local),3434
2016-17,Eastern,Salmon (smoked),30928
2016-17,Eastern,Salt,2426.55
2016-17,Eastern,Sausage (beef),115.5
2016-17,Eastern,Sausage (chicken),117
2016-17,Eastern,Sausage (pork),9
2016-17,Eastern,Schnapps,137
2016-17,Eastern,Shallot,99.7
2016-17,Eastern,Shea Butter,173.5
2016-17,Eastern,Shrimp,99.7
2016-17,Eastern,Snail,274
2016-17,Eastern,Soft Drinks,3511.5
2016-17,Eastern,Spaghetti,261.5
2016-17,Eastern,Sugar (cubed),138.8
2016-17,Eastern,Sugar (granulated),3921.01
2016-17,Eastern,Sugar Bread,6915.4
2016-17,Eastern,Sweet Pepper,313.7
2016-17,Eastern,Taro,10
2016-17,Eastern,Tea bag,174.3
2016-17,Eastern,Tilapia,1688
2016-17,Eastern,Tobacco,92.6
2016-17,Eastern,Tomato (fresh),19754.5
2016-17,Eastern,Tomato (paste),16073.39
2016-17,Eastern,Tuna (processed),195.3
2016-17,Eastern,Vinegar,19.8
2016-17,Eastern,Water,12650.3
2016-17,Eastern,Water Yam,604
2016-17,Eastern,Watermelon,1036
2016-17,Eastern,Wheat Flour,75
2016-17,Eastern,Whisky,18
2016-17,Eastern,White Oats,752.6
2016-17,Eastern,Wine,548
2016-17,Eastern,Yam,15860
2016-17,Eastern,Yoghurt,2056.9
2016-17,Greater Accra,Agushie Seed,721.1
2016-17,Greater Accra,Akpeteshie,1306.5
2016-17,Greater Accra,Apple,1966.62
2016-17,Greater Accra,Avocado,1883
2016-17,Greater Accra,Banana,8007
2016-17,Greater Accra,Beef,12601.4
2016-17,Greater Accra,Beef (corned),2144.5
2016-17,Greater Accra,Beef (face),199
2016-17,Greater Accra,Beef (leg),2648.5
2016-17,Greater Accra,Beef (offal),1137.39
2016-17,Greater Accra,Beef (steak),5866
2016-17,Greater Accra,Beer,7092.6
2016-17,Greater Accra,Biscuit,9568.98
2016-17,Greater Accra,Bitters,916.5
2016-17,Greater Accra,Bread,28061.49
2016-17,Greater Accra,Canned Fruits,35
2016-17,Greater Accra,Carrot,2344.49
2016-17,Greater Accra,Cashew,50
2016-17,Greater Accra,Cassava (dough),9306.3
2016-17,Greater Accra,Cassava (dried),2410.9
2016-17,Greater Accra,Cassava (fresh),9711
2016-17,Greater Accra,"Cassava (white, flour)",4507.2
2016-17,Greater Accra,"Cassava (yellow, flour)",889.5
2016-17,Greater Accra,Cerelac (Baby food),3639.6
2016-17,Greater Accra,Chewing Gum,821.36
2016-17,Greater Accra,Chicken (breast),233.1
2016-17,Greater Accra,Chicken (broiler),1632
2016-17,Greater Accra,Chicken (frozen),706.7
2016-17,Greater Accra,Chicken (gizzard),582
2016-17,Greater Accra,Chicken (live),4736.5
2016-17,Greater Accra,Chicken (thigh),14526
2016-17,Greater Accra,Chicken (wing),3403
2016-17,Greater Accra,Chilli Powder (black pepper),46
2016-17,Greater Accra,Chocolate,491.5
2016-17,Greater Accra,Cigarette,122.2
2016-17,Greater Accra,Cocoa (milk powder beverages),11294.86
2016-17,Greater Accra,Cocoa Powder,260.1
2016-17,Greater Accra,Coconut (dried),45
2016-17,Greater Accra,Coconut (fresh),4104.1
2016-17,Greater Accra,Cocoyam,2083
2016-17,Greater Accra,Cocoyam Leaves,3777.6
2016-17,Greater Accra,Coffee,171.3
2016-17,Greater Accra,Condiments,3257.78
2016-17,Greater Accra,Corflake,320
2016-17,Greater Accra,Couscous,2
2016-17,Greater Accra,Cowpea,1747.36
2016-17,Greater Accra,Crab,2051.5
2016-17,Greater Accra,Curry Power,427.8
2016-17,Greater Accra,Dawadawa,236.5
2016-17,Greater Accra,Eggplant,7690.7
2016-17,Greater Accra,Eggs,13772.5
2016-17,Greater Accra,Fish (canned),3615
2016-17,Greater Accra,Fish (dried),2553.5
2016-17,Greater Accra,Fish (fried),7167.5
2016-17,Greater Accra,Fish (salted),1640.1
2016-17,Greater Accra,"Fish (smoked, river)",14956.6
2016-17,Greater Accra,"Fish (smoked, sea)",18592.9
2016-17,Greater Accra,Garlic,1767.2
2016-17,Greater Accra,Gin,91.5
2016-17,Greater Accra,Ginger,1660.4
2016-17,Greater Accra,Goat,9409.5
2016-17,Greater Accra,Grape,449
2016-17,Greater Accra,Groundnut,3410
2016-17,Greater Accra,Guinea corn/sorghum,74
2016-17,Greater Accra,Guineafowl,410
2016-17,Greater Accra,Herring (smoked),9996.6
2016-17,Greater Accra,Honey,479.4
2016-17,Greater Accra,Ice Cream,970.1
2016-17,Greater Accra,Instant Noodle,2830.38
2016-17,Greater Accra,Juice,8057.57
2016-17,Greater Accra,Kapla,6166
2016-17,Greater Accra,Lime,196
2016-17,Greater Accra,Macaroni,350
2016-17,Greater Accra,Mackerel (processed),3441.6
2016-17,Greater Accra,Maize (flour/dough),15627.4
2016-17,Greater Accra,Maize (grain),5872.6
2016-17,Greater Accra,Maizena,7
2016-17,Greater Accra,Malt Drinks (bottle),4822.83
2016-17,Greater Accra,Malt Drinks (canned),2068.1
2016-17,Greater Accra,Mango,1856.3
2016-17,Greater Accra,Margarine,292.3
2016-17,Greater Accra,Milk (evaporated),11941.88
2016-17,Greater Accra,Milk (fresh),715
2016-17,Greater Accra,Milk (powdered),4698.3
2016-17,Greater Accra,"Milk (tinned, condensed)",21.1
2016-17,Greater Accra,Millet,77
2016-17,Greater Accra,Millet (flour),26
2016-17,Greater Accra,Oil (coconut),536.5
2016-17,Greater Accra,Oil (groundnut),95
2016-17,Greater Accra,Oil (palm kernel),96
2016-17,Greater Accra,Oil (palm),5885.2
2016-17,Greater Accra,Oil (vegetable),13956.98
2016-17,Greater Accra,Okra,8989.09
2016-17,Greater Accra,Onion,16507.3
2016-17,Greater Accra,Orange,3376.8
2016-17,Greater Accra,Other Beverages,401.9
2016-17,Greater Accra,Other Cereal,219.6
2016-17,Greater Accra,Other Fish,5692.8
2016-17,Greater Accra,Other Fruits,581.8
2016-17,Greater Accra,Other Meat,510
2016-17,Greater Accra,Other Milk Products,1399
2016-17,Greater Accra,Other Oils,328.9
2016-17,Greater Accra,Other Spices,119.4
2016-17,Greater Accra,Other Spirits,41.9
2016-17,Greater Accra,Other Tobacco,70.5
2016-17,Greater Accra,Other Vegetable,2061.4
2016-17,Greater Accra,Palm Nut,3707.06
2016-17,Greater Accra,Pawpaw,1491.7
2016-17,Greater Accra,"Pepper (dried, red)",499.35
2016-17,Greater Accra,Pepper (fresh),8985.38
2016-17,Greater Accra,Pepper (powder),1294.25
2016-17,Greater Accra,Pineapple,3867
2016-17,Greater Accra,Plantain,15511
2016-17,Greater Accra,Pork,805
2016-17,Greater Accra,Pork (feet),465.5
2016-17,Greater Accra,Pork (rib),50
2016-17,Greater Accra,Potato,781
2016-17,Greater Accra,Rice (imported),53181.33
2016-17,Greater Accra,Rice (local),4292.5
2016-17,Greater Accra,Salmon (smoked),37897.8
2016-17,Greater Accra,Salt,1069.99
2016-17,Greater Accra,Sausage (beef),333
2016-17,Greater Accra,Sausage (chicken),480
2016-17,Greater Accra,Shallot,152
2016-17,Greater Accra,Shea Butter,92
2016-17,Greater Accra,Shrimp,586.5
2016-17,Greater Accra,Snail,1923
2016-17,Greater Accra,Soft Drinks,7043
2016-17,Greater Accra,Spaghetti,578.8
2016-17,Greater Accra,Sugar (cubed),447.9
2016-17,Greater Accra,Sugar (granulated),4038.5
2016-17,Greater Accra,Sugar Bread,14567.2
2016-17,Greater Accra,Sweet Pepper,1130.6
2016-17,Greater Accra,Taro,10
2016-17,Greater Accra,Tea bag,1168.1
2016-17,Greater Accra,Tilapia,6645.5
2016-17,Greater Accra,Tobacco,14
2016-17,Greater Accra,Tomato (fresh),28884
2016-17,Greater Accra,Tomato (paste),10887.86
2016-17,Greater Accra,Tuna (processed),477.2
2016-17,Greater Accra,Vinegar,20.5
2016-17,Greater Accra,Water,38220.53
2016-17,Greater Accra,Water Yam,159
2016-17,Greater Accra,Watermelon,5269.5
2016-17,Greater Accra,Wheat Flour,226.1
2016-17,Greater Accra,Whisky,161
2016-17,Greater Accra,White Oats,2484
2016-17,Greater Accra,Wine,896.4
2016-17,Greater Accra,Yam,22136
2016-17,Greater Accra,Yoghurt,3926.6
2016-17,Northern,Agushie Seed,1138
2016-17,Northern,Akpeteshie,3289.4
2016-17,Northern,Apple,168.5
2016-17,Northern,Avocado,52
2016-17,Northern,Banana,763.5
2016-17,Northern,Beef,20522.5
2016-17,Northern,Beef (corned),21.5
2016-17,Northern,Beef (face),276
2016-17,Northern,Beef (leg),241
2016-17,Northern,Beef (offal),173
2016-17,Northern,Beef (steak),3259.5
2016-17,Northern,Beer,4312.2
2016-17,Northern,Biscuit,2540.67
2016-17,Northern,Bitters,356.8
2016-17,Northern,Bread,14517.9
2016-17,Northern,Canned Fruits,178
2016-17,Northern,Carrot,199
2016-17,Northern,Cashew,6.5
2016-17,Northern,Cassava (dough),1810.5
2016-17,Northern,Cassava (dried),11871.5
2016-17,Northern,Cassava (fresh),1803
2016-17,Northern,"Cassava (white, flour)",2710.7
2016-17,Northern,"Cassava (yellow, flour)",154.6
2016-17,Northern,Cerelac (Baby food),676.5
2016-17,Northern,Chewing Gum,290.3
2016-17,Northern,Chicken (breast),459
2016-17,Northern,Chicken (broiler),104
2016-17,Northern,Chicken (frozen),145
2016-17,Northern,Chicken (gizzard),11
2016-17,Northern,Chicken (live),3625
2016-17,Northern,Chicken (thigh),702
2016-17,Northern,Chicken (wing),152
2016-17,Northern,Chilli Powder (black pepper),23
2016-17,Northern,Chocolate,11
2016-17,Northern,Cigarette,2084.82
2016-17,Northern,Cocoa (milk powder beverages),1931.7
2016-17,Northern,Cocoa Powder,55
2016-17,Northern,Coconut (dried),16
2016-17,Northern,Coconut (fresh),84.5
2016-17,Northern,Cocoyam,5
2016-17,Northern,Cocoyam Leaves,2958.9
2016-17,Northern,Coffee,338.1
2016-17,Northern,Condiments,11306.6
2016-17,Northern,Corflake,25
2016-17,Northern,Cowpea,6702.7
2016-17,Northern,Crab,10
2016-17,Northern,Curry Power,38.4
2016-17,Northern,Dawadawa,3749.5
2016-17,Northern,Eggplant,465
2016-17,Northern,Eggs,1765.4
2016-17,Northern,Fish (canned),745.4
2016-17,Northern,Fish (dried),49
2016-17,Northern,Fish (fried),2570
2016-17,Northern,Fish (salted),43
2016-17,Northern,"Fish (smoked, river)",14764
2016-17,Northern,"Fish (smoked, sea)",914
2016-17,Northern,Garlic,711.5
2016-17,Northern,Gin,303.5
2016-17,Northern,Ginger,1230.5
2016-17,Northern,Goat,8207.7
2016-17,Northern,Groundnut,7019.4
2016-17,Northern,Guinea corn/sorghum,2971
2016-17,Northern,Guineafowl,2137
2016-17,Northern,Herring (smoked),19483
2016-17,Northern,Honey,149.5
2016-17,Northern,Ice Cream,143.1
2016-17,Northern,Instant Noodle,166.2
2016-17,Northern,Juice,1144.6
2016-17,Northern,Kapla,1891
2016-17,Northern,Lime,5
2016-17,Northern,Macaroni,332.4
2016-17,Northern,Mackerel (processed),671
2016-17,Northern,Maize (flour/dough),2402
2016-17,Northern,Maize (grain),26452.1
2016-17,Northern,Maizena,24
2016-17,Northern,Malt Drinks (bottle),3857.4
2016-17,Northern,Malt Drinks (canned),2913.6
2016-17,Northern,Mango,632.4
2016-17,Northern,Margarine,239.8
2016-17,Northern,Milk (evaporated),5543.2
2016-17,Northern,Milk (fresh),1440.5
2016-17,Northern,Milk (powdered),1982.1
2016-17,Northern,"Milk (tinned, condensed)",110.5
2016-17,Northern,Millet,1709.5
2016-17,Northern,Millet (flour),660
2016-17,Northern,Oil (coconut),14
2016-17,Northern,Oil (groundnut),4422.7
2016-17,Northern,Oil (palm kernel),73
2016-17,Northern,Oil (palm),1589.1
2016-17,Northern,Oil (vegetable),20065.7
2016-17,Northern,Okra,8979.8
2016-17,Northern,Onion,11052.95
2016-17,Northern,Orange,730.4
2016-17,Northern,Other Beverages,333.9
2016-17,Northern,Other Cereal,1
2016-17,Northern,Other Fish,3981
2016-17,Northern,Other Fruits,65
2016-17,Northern,Other Meat,540
2016-17,Northern,Other Milk Products,48.4
2016-17,Northern,Other Oils,221.5
2016-17,Northern,Other Spices,322.8
2016-17,Northern,Other Spirits,115.5
2016-17,Northern,Other Tobacco,446.9
2016-17,Northern,Other Vegetable,2998.7
2016-17,Northern,Palm Nut,905.5
2016-17,Northern,Pawpaw,41.5
2016-17,Northern,"Pepper (dried, red)",5082.5
2016-17,Northern,Pepper (fresh),3472.9
2016-17,Northern,Pepper (powder),868.8
2016-17,Northern,Pineapple,85
2016-17,Northern,Plantain,368
2016-17,Northern,Pork,5667.5
2016-17,Northern,Pork (feet),13
2016-17,Northern,Pork (rib),28
2016-17,Northern,Pork (shoulder),9
2016-17,Northern,Potato,124
2016-17,Northern,Rice (imported),11231.5
2016-17,Northern,Rice (local),31311.58
2016-17,Northern,Salmon (smoked),4494
2016-17,Northern,Salt,7259.3
2016-17,Northern,Sausage (chicken),10
2016-17,Northern,Schnapps,145
2016-17,Northern,Shallot,1866.6
2016-17,Northern,Shea Butter,1086.1
2016-17,Northern,Shrimp,572.5
2016-17,Northern,Soft Drinks,2608.6
2016-17,Northern,Spaghetti,290.3
2016-17,Northern,Sugar (cubed),92
2016-17,Northern,Sugar (granulated),13957.94
2016-17,Northern,Sugar Bread,9183.7
2016-17,Northern,Sweet Pepper,68
2016-17,Northern,Tea bag,3428.4
2016-17,Northern,Tilapia,337.5
2016-17,Northern,Tobacco,551
2016-17,Northern,Tomato (fresh),12971.7
2016-17,Northern,Tomato (paste),10747.46
2016-17,Northern,Tuna (processed),65.5
2016-17,Northern,Vinegar,7
2016-17,Northern,Water,4239.8
2016-17,Northern,Water Yam,559
2016-17,Northern,Watermelon,400.5
2016-17,Northern,Wheat Flour,31
2016-17,Northern,Whisky,217
2016-17,Northern,White Oats,48.2
2016-17,Northern,Wine,340
2016-17,Northern,Yam,11492
2016-17,Northern,Yoghurt,548.1
2016-17,Upper East,Agushie Seed,384.5
2016-17,Upper East,Akpeteshie,1801.5
2016-17,Upper East,Apple,106
2016-17,Upper East,Avocado,13
2016-17,Upper East,Banana,371
2016-17,Upper East,Beef,5147.5
2016-17,Upper East,Beef (corned),34
2016-17,Upper East,Beef (face),5
2016-17,Upper East,Beef (offal),124
2016-17,Upper East,Beef (steak),505
2016-17,Upper East,Beer,3599
2016-17,Upper East,Biscuit,1878.29
2016-17,Upper East,Bitters,153.1
2016-17,Upper East,Bread,5621.3
2016-17,Upper East,Canned Fruits,20
2016-17,Upper East,Carrot,143
2016-17,Upper East,Cashew,4
2016-17,Upper East,Cassava (dough),568.5
2016-17,Upper East,Cassava (dried),201
2016-17,Upper East,Cassava (fresh),384
2016-17,Upper East,"Cassava (white, flour)",2362.2
2016-17,Upper East,"Cassava (yellow, flour)",1113.96
2016-17,Upper East,Cerelac (Baby food),420
2016-17,Upper East,Chewing Gum,159.5
2016-17,Upper East,Chicken (breast),47
2016-17,Upper East,Chicken (broiler),29
2016-17,Upper East,Chicken (live),1139
2016-17,Upper East,Chicken (thigh),200
2016-17,Upper East,Chicken (wing),67
2016-17,Upper East,Chilli Powder (black pepper),38.6
2016-17,Upper East,Chocolate,29.7
2016-17,Upper East,Cigarette,295.1
2016-17,Upper East,Cocoa (milk powder beverages),2297.9
2016-17,Upper East,Cocoa Powder,195.9
2016-17,Upper East,Coconut (dried),5
2016-17,Upper East,Coconut (fresh),9
2016-17,Upper East,Cocoyam,10
2016-17,Upper East,Cocoyam Leaves,4834.5
2016-17,Upper East,Coffee,21
2016-17,Upper East,Condiments,8130.4
2016-17,Upper East,Corflake,2.5
2016-17,Upper East,Cowpea,6078
2016-17,Upper East,Curry Power,110.9
2016-17,Upper East,Dawadawa,7302.2
2016-17,Upper East,Eggplant,387.5
2016-17,Upper East,Eggs,1177
2016-17,Upper East,Fish (canned),655.3
2016-17,Upper East,Fish (dried),37
2016-17,Upper East,Fish (fried),153.5
2016-17,Upper East,Fish (salted),15
2016-17,Upper East,"Fish (smoked, river)",1160.5
2016-17,Upper East,"Fish (smoked, sea)",153
2016-17,Upper East,Garlic,549.4
2016-17,Upper East,Gin,4.6
2016-17,Upper East,Ginger,440.55
2016-17,Upper East,Goat,3319
2016-17,Upper East,Grape,2
2016-17,Upper East,Groundnut,10728.5
2016-17,Upper East,Guinea corn/sorghum,2254.9
2016-17,Upper East,Guineafowl,1598
2016-17,Upper East,Herring (smoked),33295.9
2016-17,Upper East,Honey,80.2
2016-17,Upper East,Ice Cream,33.2
2016-17,Upper East,Instant Noodle,146.5
2016-17,Upper East,Juice,828.3
2016-17,Upper East,Kapla,665.5
2016-17,Upper East,Lime,5
2016-17,Upper East,Macaroni,252
2016-17,Upper East,Mackerel (processed),612.1
2016-17,Upper East,Maize (flour/dough),1924.2
2016-17,Upper East,Maize (grain),27119.7
2016-17,Upper East,Malt Drinks (bottle),2021.1
2016-17,Upper East,Malt Drinks (canned),704
2016-17,Upper East,Mango,427
2016-17,Upper East,Margarine,56.6
2016-17,Upper East,Milk (evaporated),1544.2
2016-17,Upper East,Milk (fresh),56
2016-17,Upper East,Milk (powdered),1327.8
2016-17,Upper East,"Milk (tinned, condensed)",188
2016-17,Upper East,Millet,7744.09
2016-17,Upper East,Millet (flour),346
2016-17,Upper East,Oil (coconut),42.5
2016-17,Upper East,Oil (groundnut),1214.5
2016-17,Upper East,Oil (palm kernel),36
2016-17,Upper East,Oil (palm),971.49
2016-17,Upper East,Oil (vegetable),11442.9
2016-17,Upper East,Okra,5451.59
2016-17,Upper East,Onion,6478.98
2016-17,Upper East,Orange,465.7
2016-17,Upper East,Other Beverages,58.7
2016-17,Upper East,Other Cereal,33
2016-17,Upper East,Other Fish,1394
2016-17,Upper East,Other Fruits,37
2016-17,Upper East,Other Meat,1044
2016-17,Upper East,Other Milk Products,4
2016-17,Upper East,Other Oils,133
2016-17,Upper East,Other Spices,93.7
2016-17,Upper East,Other Spirits,93.6
2016-17,Upper East,Other Tobacco,110.4
2016-17,Upper East,Other Tubers,5
2016-17,Upper East,Other Vegetable,4141
2016-17,Upper East,Palm Nut,432
2016-17,Upper East,Pawpaw,169.5
2016-17,Upper East,"Pepper (dried, red)",7038
2016-17,Upper East,Pepper (fresh),4829
2016-17,Upper East,Pepper (powder),153
2016-17,Upper East,Pineapple,74
2016-17,Upper East,Plantain,550
2016-17,Upper East,Pork,527
2016-17,Upper East,Pork (feet),5
2016-17,Upper East,Pork (fillet),5
2016-17,Upper East,Potato,426.5
2016-17,Upper East,Rice (imported),9244.38
2016-17,Upper East,Rice (local),22224.1
2016-17,Upper East,Salmon (smoked),4987.5
2016-17,Upper East,Salt,5243.42
2016-17,Upper East,Sausage (beef),45
2016-17,Upper East,Schnapps,20
2016-17,Upper East,Shallot,144
2016-17,Upper East,Shea Butter,3474.81
2016-17,Upper East,Soft Drinks,578.99
2016-17,Upper East,Spaghetti,204.5
2016-17,Upper East,Sugar (cubed),114
2016-17,Upper East,Sugar (granulated),3878.7
2016-17,Upper East,Sugar Bread,4835.5
2016-17,Upper East,Sweet Pepper,79
2016-17,Upper East,Tea bag,990.5
2016-17,Upper East,Tilapia,294
2016-17,Upper East,Tobacco,362.5
2016-17,Upper East,Tomato (fresh),11035.5
2016-17,Upper East,Tomato (paste),5924.11
2016-17,Upper East,Tuna (processed),96.3
2016-17,Upper East,Vinegar,11
2016-17,Upper East,Water,2613.03
2016-17,Upper East,Watermelon,490.7
2016-17,Upper East,Wheat Flour,112.5
2016-17,Upper East,Whisky,7
2016-17,Upper East,White Oats,215.8
2016-17,Upper East,Wine,620
2016-17,Upper East,Yam,4008.5
2016-17,Upper East,Yoghurt,234
2016-17,Upper West,Agushie Seed,66
2016-17,Upper West,Akpeteshie,2805.6
2016-17,Upper West,Apple,35
2016-17,Upper West,Avocado,18
2016-17,Upper West,Banana,94
2016-17,Upper West,Beef,6839
2016-17,Upper West,Beef (corned),11
2016-17,Upper West,Beef (leg),82
2016-17,Upper West,Beef (offal),80
2016-17,Upper West,Beef (steak),1100
2016-17,Upper West,Beer,11583.5
2016-17,Upper West,Biscuit,837.6
2016-17,Upper West,Bitters,355.7
2016-17,Upper West,Bread,8026.6
2016-17,Upper West,Carrot,127
2016-17,Upper West,Cashew,16
2016-17,Upper West,Cassava (dough),279.9
2016-17,Upper West,Cassava (dried),3061
2016-17,Upper West,Cassava (fresh),172
2016-17,Upper West,"Cassava (white, flour)",731.7
2016-17,Upper West,"Cassava (yellow, flour)",102
2016-17,Upper West,Cerelac (Baby food),212.4
2016-17,Upper West,Chewing Gum,71.3
2016-17,Upper West,Chicken (breast),2
2016-17,Upper West,Chicken (broiler),431
2016-17,Upper West,Chicken (live),936
2016-17,Upper West,Chicken (thigh),484
2016-17,Upper West,Chicken (wing),168
2016-17,Upper West,Chilli Powder (black pepper),6.4
2016-17,Upper West,Cigarette,1038.35
2016-17,Upper West,Cocoa (milk powder beverages),1366.1
2016-17,Upper West,Cocoa Powder,127.2
2016-17,Upper West,Cocoyam,32
2016-17,Upper West,Cocoyam Leaves,808.5
2016-17,Upper West,Coffee,120.6
2016-17,Upper West,Condiments,6825.89
2016-17,Upper West,Cowpea,2333.9
2016-17,Upper West,Curry Power,29.2
2016-17,Upper West,Dawadawa,3283.2
2016-17,Upper West,Eggplant,619.9
2016-17,Upper West,Eggs,826.1
2016-17,Upper West,Fish (canned),312.3
2016-17,Upper West,Fish (dried),37
2016-17,Upper West,Fish (fried),183
2016-17,Upper West,Fish (salted),2
2016-17,Upper West,"Fish (smoked, river)",2526
2016-17,Upper West,"Fish (smoked, sea)",297
2016-17,Upper West,Garlic,354.8
2016-17,Upper West,Gin,78.4
2016-17,Upper West,Ginger,418
2016-17,Upper West,Goat,2741
2016-17,Upper West,Grape,2
2016-17,Upper West,Groundnut,1771.9
2016-17,Upper West,Guinea corn/sorghum,3946.7
2016-17,Upper West,Guineafowl,420
2016-17,Upper West,Herring (smoked),16842
2016-17,Upper West,Honey,201
2016-17,Upper West,Ice Cream,11
2016-17,Upper West,Instant Noodle,105
2016-17,Upper West,Juice,157
2016-17,Upper West,Kapla,1070
2016-17,Upper West,Lime,6
2016-17,Upper West,Macaroni,32.5
2016-17,Upper West,Mackerel (processed),459.9
2016-17,Upper West,Maize (flour/dough),1533.5
2016-17,Upper West,Maize (grain),19139.1
2016-17,Upper West,Malt Drinks (bottle),1189.5
2016-17,Upper West,Malt Drinks (canned),204
2016-17,Upper West,Mango,222.5
2016-17,Upper West,Margarine,153
2016-17,Upper West,Milk (evaporated),1712.7
2016-17,Upper West,Milk (fresh),413.5
2016-17,Upper West,Milk (powdered),435.4
2016-17,Upper West,"Milk (tinned, condensed)",59
2016-17,Upper West,Millet,2021.5
2016-17,Upper West,Millet (flour),540.2
2016-17,Upper West,Oil (coconut),4
2016-17,Upper West,Oil (groundnut),643.8
2016-17,Upper West,Oil (palm kernel),61
2016-17,Upper West,Oil (palm),358
2016-17,Upper West,Oil (vegetable),5563.5
2016-17,Upper West,Okra,8678
2016-17,Upper West,Onion,8893.7
2016-17,Upper West,Orange,124
2016-17,Upper West,Other Beverages,256.2
2016-17,Upper West,Other Fish,8634
2016-17,Upper West,Other Fruits,113.5
2016-17,Upper West,Other Meat,3163
2016-17,Upper West,Other Oils,58
2016-17,Upper West,Other Spices,14.1
2016-17,Upper West,Other Spirits,43
2016-17,Upper West,Other Tobacco,28
2016-17,Upper West,Other Tubers,5
2016-17,Upper West,Other Vegetable,2050.28
2016-17,Upper West,Palm Nut,65
2016-17,Upper West,Pawpaw,33
2016-17,Upper West,"Pepper (dried, red)",3771.5
2016-17,Upper West,Pepper (fresh),5241.2
2016-17,Upper West,Pepper (powder),307
2016-17,Upper West,Pineapple,75
2016-17,Upper West,Plantain,209
2016-17,Upper West,Pork,3095.5
2016-17,Upper West,Pork (shoulder),55
2016-17,Upper West,Potato,18
2016-17,Upper West,Rice (imported),7428
2016-17,Upper West,Rice (local),15218.7
2016-17,Upper West,Salmon (smoked),2232.5
2016-17,Upper West,Salt,5361.72
2016-17,Upper West,Shallot,41.2
2016-17,Upper West,Shea Butter,5718.9
2016-17,Upper West,Shrimp,8
2016-17,Upper West,Snail,2
2016-17,Upper West,Soft Drinks,387.9
2016-17,Upper West,Spaghetti,38.5
2016-17,Upper West,Sugar (cubed),383
2016-17,Upper West,Sugar (granulated),7808.25
2016-17,Upper West,Sugar Bread,2940.1
2016-17,Upper West,Sweet Pepper,36
2016-17,Upper West,Tea bag,2319.5
2016-17,Upper West,Tilapia,851
2016-17,Upper West,Tobacco,183
2016-17,Upper West,Tomato (fresh),14616.2
2016-17,Upper West,Tomato (paste),4468.38
2016-17,Upper West,Tuna (processed),17
2016-17,Upper West,Vinegar,3
2016-17,Upper West,Water,1559.75
2016-17,Upper West,Water Yam,138
2016-17,Upper West,Watermelon,266.5
2016-17,Upper West,Wheat Flour,20
2016-17,Upper West,Whisky,83.2
2016-17,Upper West,White Oats,154
2016-17,Upper West,Wine,74.5
2016-17,Upper West,Yam,7042.5
2016-17,Upper West,Yoghurt,24
2016-17,Volta,Agushie Seed,583.8
2016-17,Volta,Akpeteshie,4013.52
2016-17,Volta,Apple,262.7
2016-17,Volta,Avocado,351.6
2016-17,Volta,Banana,2652.7
2016-17,Volta,Beef,8130
2016-17,Volta,Beef (corned),51
2016-17,Volta,Beef (face),38
2016-17,Volta,Beef (leg),443
2016-17,Volta,Beef (offal),300
2016-17,Volta,Beef (steak),2201
2016-17,Volta,Beer,2090.4
2016-17,Volta,Biscuit,2191.98
2016-17,Volta,Bitters,459.6
2016-17,Volta,Bread,5190.76
2016-17,Volta,Canned Fruits,35.5
2016-17,Volta,Carrot,418.5
2016-17,Volta,Cassava (dough),12637
2016-17,Volta,Cassava (dried),2869.9
2016-17,Volta,Cassava (fresh),5614
2016-17,Volta,"Cassava (white, flour)",3894.7
2016-17,Volta,"Cassava (yellow, flour)",175.6
2016-17,Volta,Cerelac (Baby food),720.2
2016-17,Volta,Chewing Gum,130
2016-17,Volta,Chicken (breast),643.5
2016-17,Volta,Chicken (broiler),568
2016-17,Volta,Chicken (frozen),533.5
2016-17,Volta,Chicken (gizzard),150
2016-17,Volta,Chicken (live),2350
2016-17,Volta,Chicken (thigh),8768.4
2016-17,Volta,Chicken (wing),2249.2
2016-17,Volta,Chilli Powder (black pepper),19.9
2016-17,Volta,Chocolate,5
2016-17,Volta,Cigarette,377.4
2016-17,Volta,Cocoa (milk powder beverages),4663.8
2016-17,Volta,Cocoa Powder,56.8
2016-17,Volta,Coconut (dried),2
2016-17,Volta,Coconut (fresh),243.1
2016-17,Volta,Cocoyam,1006
2016-17,Volta,Cocoyam Leaves,2063.59
2016-17,Volta,Coffee,56.5
2016-17,Volta,Condiments,4124.05
2016-17,Volta,Couscous,25.5
2016-17,Volta,Cowpea,4800.45
2016-17,Volta,Crab,418.5
2016-17,Volta,Curry Power,117.6
2016-17,Volta,Dawadawa,88.1
2016-17,Volta,Eggplant,3412.5
2016-17,Volta,Eggs,3356.9
2016-17,Volta,Fish (canned),1086
2016-17,Volta,Fish (dried),2614.5
2016-17,Volta,Fish (fried),6015.6
2016-17,Volta,Fish (salted),476.45
2016-17,Volta,"Fish (smoked, river)",33080.07
2016-17,Volta,"Fish (smoked, sea)",8507.5
2016-17,Volta,Garlic,969.83
2016-17,Volta,Gin,378.7
2016-17,Volta,Ginger,1324.8
2016-17,Volta,Goat,2769.8
2016-17,Volta,Grape,1
2016-17,Volta,Groundnut,3257.4
2016-17,Volta,Guinea corn/sorghum,78
2016-17,Volta,Guineafowl,210
2016-17,Volta,Herring (smoked),16817.4
2016-17,Volta,Honey,354
2016-17,Volta,Ice Cream,147.6
2016-17,Volta,Instant Noodle,439.6
2016-17,Volta,Juice,1003.5
2016-17,Volta,Kapla,4729
2016-17,Volta,Lime,27.5
2016-17,Volta,Macaroni,363
2016-17,Volta,Mackerel (processed),644.8
2016-17,Volta,Maize (flour/dough),6423.9
2016-17,Volta,Maize (grain),19792.65
2016-17,Volta,Maizena,5
2016-17,Volta,Malt Drinks (bottle),1239.7
2016-17,Volta,Malt Drinks (canned),1681.2
2016-17,Volta,Mango,251.35
2016-17,Volta,Margarine,105.3
2016-17,Volta,Milk (evaporated),2403.6
2016-17,Volta,Milk (fresh),73
2016-17,Volta,Milk (powdered),1432.6
2016-17,Volta,"Milk (tinned, condensed)",30.5
2016-17,Volta,Millet,126.5
2016-17,Volta,Millet (flour),3
2016-17,Volta,Oil (coconut),809.9
2016-17,Volta,Oil (groundnut),407
2016-17,Volta,Oil (palm kernel),95
2016-17,Volta,Oil (palm),7492.3
2016-17,Volta,Oil (vegetable),8352.15
2016-17,Volta,Okra,10100.7
2016-17,Volta,Onion,9511.8
2016-17,Volta,Orange,1618.05
2016-17,Volta,Other Beverages,118.2
2016-17,Volta,Other Cereal,30.7
2016-17,Volta,Other Fish,1230.5
2016-17,Volta,Other Fruits,71
2016-17,Volta,Other Meat,1403
2016-17,Volta,Other Milk Products,69.4
2016-17,Volta,Other Oils,89
2016-17,Volta,Other Spices,78.6
2016-17,Volta,Other Spirits,65
2016-17,Volta,Other Tobacco,19
2016-17,Volta,Other Tubers,60
2016-17,Volta,Other Vegetable,809.5
2016-17,Volta,Palm Nut,2321.1
2016-17,Volta,Pawpaw,100.2
2016-17,Volta,"Pepper (dried, red)",2825.3
2016-17,Volta,Pepper (fresh),4496.74
2016-17,Volta,Pepper (powder),1837.9
2016-17,Volta,Pineapple,505
2016-17,Volta,Plantain,4128
2016-17,Volta,Pork,1077
2016-17,Volta,Pork (feet),52
2016-17,Volta,Potato,492
2016-17,Volta,Rice (imported),17315.4
2016-17,Volta,Rice (local),15434
2016-17,Volta,Salmon (smoked),23458
2016-17,Volta,Salt,2713.75
2016-17,Volta,Sausage (beef),81
2016-17,Volta,Sausage (chicken),32.5
2016-17,Volta,Sausage (pork),5
2016-17,Volta,Schnapps,120
2016-17,Volta,Shallot,212.8
2016-17,Volta,Shea Butter,80.2
2016-17,Volta,Shrimp,133
2016-17,Volta,Snail,161
2016-17,Volta,Soft Drinks,2616.4
2016-17,Volta,Spaghetti,508.3
2016-17,Volta,Sugar (cubed),147.9
2016-17,Volta,Sugar (granulated),4970.16
2016-17,Volta,Sugar Bread,11604.1
2016-17,Volta,Sweet Pepper,170
2016-17,Volta,Tea bag,281
2016-17,Volta,Tilapia,5629
2016-17,Volta,Tobacco,63.5
2016-17,Volta,Tomato (fresh),14354.8
2016-17,Volta,Tomato (paste),10630
2016-17,Volta,Tuna (processed),54
2016-17,Volta,Water,7518.47
2016-17,Volta,Water Yam,2081
2016-17,Volta,Watermelon,404.5
2016-17,Volta,Wheat Flour,109.5
2016-17,Volta,Whisky,170
2016-17,Volta,White Oats,360.3
2016-17,Volta,Wine,182.4
2016-17,Volta,Yam,13221.5
2016-17,Volta,Yoghurt,1190.3
2016-17,Western,Agushie Seed,55.5
2016-17,Western,Akpeteshie,1697.9
2016-17,Western,Apple,883.5
2016-17,Western,Avocado,155
2016-17,Western,Banana,1657.7
2016-17,Western,Beef,7751
2016-17,Western,Beef (corned),331
2016-17,Western,Beef (face),30
2016-17,Western,Beef (leg),1258.5
2016-17,Western,Beef (offal),638
2016-17,Western,Beef (steak),2020.4
2016-17,Western,Beer,1027
2016-17,Western,Biscuit,3883.96
2016-17,Western,Bitters,437.3
2016-17,Western,Bread,22625.6
2016-17,Western,Canned Fruits,8
2016-17,Western,Carrot,457.7
2016-17,Western,Cashew,2
2016-17,Western,Cassava (dough),3108.5
2016-17,Western,Cassava (dried),277.2
2016-17,Western,Cassava (fresh),9442.2
2016-17,Western,"Cassava (white, flour)",5880.8
2016-17,Western,"Cassava (yellow, flour)",86
2016-17,Western,Cerelac (Baby food),1773.1
2016-17,Western,Chewing Gum,133.16
2016-17,Western,Chicken (breast),653
2016-17,Western,Chicken (broiler),557.5
2016-17,Western,Chicken (frozen),316
2016-17,Western,Chicken (gizzard),109
2016-17,Western,Chicken (live),2222
2016-17,Western,Chicken (thigh),12303.5
2016-17,Western,Chicken (wing),2228
2016-17,Western,Chocolate,6.5
2016-17,Western,Cigarette,50.5
2016-17,Western,Cocoa (milk powder beverages),5135.8
2016-17,Western,Cocoa Powder,105
2016-17,Western,Coconut (fresh),298
2016-17,Western,Cocoyam,908
2016-17,Western,Cocoyam Leaves,517.75
2016-17,Western,Coffee,126.3
2016-17,Western,Condiments,2802.65
2016-17,Western,Corflake,62
2016-17,Western,Cowpea,593.6
2016-17,Western,Crab,248
2016-17,Western,Curry Power,31.1
2016-17,Western,Dawadawa,55.6
2016-17,Western,Eggplant,5494.5
2016-17,Western,Eggs,5492.1
2016-17,Western,Fish (canned),2491.2
2016-17,Western,Fish (dried),2899.7
2016-17,Western,Fish (fried),2738.6
2016-17,Western,Fish (salted),2540.6
2016-17,Western,"Fish (smoked, river)",7943
2016-17,Western,"Fish (smoked, sea)",38819.1
2016-17,Western,Garlic,524.8
2016-17,Western,Gin,147.5
2016-17,Western,Ginger,501.9
2016-17,Western,Goat,1815
2016-17,Western,Grape,53
2016-17,Western,Groundnut,2088.7
2016-17,Western,Guineafowl,115
2016-17,Western,Herring (smoked),29964.15
2016-17,Western,Honey,370
2016-17,Western,Ice Cream,552.6
2016-17,Western,Instant Noodle,484
2016-17,Western,Juice,2209.4
2016-17,Western,Kapla,10902
2016-17,Western,Lime,7
2016-17,Western,Macaroni,170.7
2016-17,Western,Mackerel (processed),2206.1
2016-17,Western,Maize (flour/dough),8469.3
2016-17,Western,Maize (grain),4332.8
2016-17,Western,Malt Drinks (bottle),2976
2016-17,Western,Malt Drinks (canned),2534.6
2016-17,Western,Mango,207
2016-17,Western,Margarine,75
2016-17,Western,Milk (evaporated),3926.2
2016-17,Western,Milk (fresh),28.2
2016-17,Western,Milk (powdered),2636.5
2016-17,Western,"Milk (tinned, condensed)",67.5
2016-17,Western,Millet,428.8
2016-17,Western,Millet (flour),86
2016-17,Western,Oil (coconut),373.5
2016-17,Western,Oil (groundnut),14.5
2016-17,Western,Oil (palm kernel),12
2016-17,Western,Oil (palm),4929.7
2016-17,Western,Oil (vegetable),11007.7
2016-17,Western,Okra,2323.3
2016-17,Western,Onion,15766.2
2016-17,Western,Orange,1231
2016-17,Western,Other Beverages,121
2016-17,Western,Other Cereal,57
2016-17,Western,Other Fish,2581.7
2016-17,Western,Other Fruits,45
2016-17,Western,Other Meat,2134
2016-17,Western,Other Milk Products,330.5
2016-17,Western,Other Oils,281.5
2016-17,Western,Other Spices,112.2
2016-17,Western,Other Spirits,40
2016-17,Western,Other Tobacco,21
2016-17,Western,Other Tubers,20
2016-17,Western,Other Vegetable,520.6
2016-17,Western,Palm Nut,1869.7
2016-17,Western,Pawpaw,247
2016-17,Western,"Pepper (dried, red)",316.5
2016-17,Western,Pepper (fresh),7959
2016-17,Western,Pepper (powder),1543.1
2016-17,Western,Pineapple,532.4
2016-17,Western,Plantain,10345
2016-17,Western,Pork,217
2016-17,Western,Pork (feet),100
2016-17,Western,Pork (fillet),10
2016-17,Western,Potato,60
2016-17,Western,Rice (imported),47504.84
2016-17,Western,Rice (local),9908.7
2016-17,Western,Salmon (smoked),23096.5
2016-17,Western,Salt,1816.6
2016-17,Western,Sausage (beef),40.5
2016-17,Western,Sausage (chicken),42.2
2016-17,Western,Sausage (pork),15
2016-17,Western,Shallot,47.5
2016-17,Western,Shea Butter,13
2016-17,Western,Shrimp,24
2016-17,Western,Snail,683
2016-17,Western,Soft Drinks,2044.7
2016-17,Western,Spaghetti,87
2016-17,Western,Sugar (cubed),65
2016-17,Western,Sugar (granulated),3080.65
2016-17,Western,Sugar Bread,8549.3
2016-17,Western,Sweet Pepper,168.5
2016-17,Western,Tea bag,161.5
2016-17,Western,Tilapia,1654
2016-17,Western,Tomato (fresh),14689.1
2016-17,Western,Tomato (paste),11993.19
2016-17,Western,Tuna (processed),209.5
2016-17,Western,Water,13023.46
2016-17,Western,Water Yam,3
2016-17,Western,Watermelon,785.5
2016-17,Western,Wheat Flour,273.5
2016-17,Western,Whisky,43
2016-17,Western,White Oats,675.7
2016-17,Western,Wine,91.5
2016-17,Western,Yam,7472.7
2016-17,Western,Yoghurt,1863.8